"","hr","holiday","workingday","weathersit","temp","atemp","hum","windspeed","cnt","instant","mnth","yr"
"1","0",FALSE,FALSE,"Clear to partly cloudy",0.76,0.7273,0.66,0,149,13004,7,1
"2","1",FALSE,FALSE,"Clear to partly cloudy",0.74,0.697,0.7,0.1343,93,13005,7,1
"3","2",FALSE,FALSE,"Clear to partly cloudy",0.72,0.697,0.74,0.0896,90,13006,7,1
"4","3",FALSE,FALSE,"Clear to partly cloudy",0.72,0.7121,0.84,0.1343,33,13007,7,1
"5","4",FALSE,FALSE,"Clear to partly cloudy",0.7,0.6667,0.79,0.194,4,13008,7,1
"6","5",FALSE,FALSE,"Clear to partly cloudy",0.68,0.6364,0.79,0.1045,10,13009,7,1
"7","6",FALSE,FALSE,"Clear to partly cloudy",0.7,0.6667,0.79,0.0896,27,13010,7,1
"8","7",FALSE,FALSE,"Clear to partly cloudy",0.74,0.697,0.7,0,50,13011,7,1
"9","8",FALSE,FALSE,"Clear to partly cloudy",0.78,0.7424,0.62,0.1045,142,13012,7,1
"10","9",FALSE,FALSE,"Clear to partly cloudy",0.82,0.7879,0.56,0,219,13013,7,1
"11","10",FALSE,FALSE,"Clear to partly cloudy",0.86,0.7879,0.44,0.2985,366,13014,7,1
"12","11",FALSE,FALSE,"Clear to partly cloudy",0.88,0.803,0.39,0.2239,377,13015,7,1
"13","12",FALSE,FALSE,"Clear to partly cloudy",0.9,0.8182,0.37,0.2239,433,13016,7,1
"14","13",FALSE,FALSE,"Clear to partly cloudy",0.92,0.8333,0.33,0.2537,420,13017,7,1
"15","14",FALSE,FALSE,"Clear to partly cloudy",0.92,0.8333,0.33,0.2537,444,13018,7,1
"16","15",FALSE,FALSE,"Clear to partly cloudy",0.9,0.8182,0.37,0.2836,345,13019,7,1
"17","16",FALSE,FALSE,"Clear to partly cloudy",0.92,0.8333,0.33,0.2985,313,13020,7,1
"18","17",FALSE,FALSE,"Clear to partly cloudy",0.92,0.803,0.26,0.2985,413,13021,7,1
"19","18",FALSE,FALSE,"Clear to partly cloudy",0.88,0.7727,0.32,0.3582,370,13022,7,1
"20","19",FALSE,FALSE,"Clear to partly cloudy",0.84,0.7424,0.39,0.1343,382,13023,7,1
"21","20",FALSE,FALSE,"Clear to partly cloudy",0.84,0.7424,0.39,0.1343,332,13024,7,1
"22","21",FALSE,FALSE,"Clear to partly cloudy",0.84,0.7424,0.39,0.1343,258,13025,7,1
"23","22",FALSE,FALSE,"Clear to partly cloudy",0.82,0.7424,0.43,0.1343,151,13026,7,1
"24","23",FALSE,FALSE,"Light Precipitation",0.78,0.7121,0.52,0.1642,110,13027,7,1
"25","0",FALSE,TRUE,"Misty",0.76,0.7121,0.58,0.2239,43,13028,7,1
"26","1",FALSE,TRUE,"Misty",0.76,0.7121,0.58,0.194,17,13029,7,1
"27","2",FALSE,TRUE,"Misty",0.74,0.6667,0.51,0.2537,15,13030,7,1
"28","3",FALSE,TRUE,"Misty",0.72,0.6667,0.54,0.4179,5,13031,7,1
"29","4",FALSE,TRUE,"Misty",0.72,0.6667,0.54,0.2985,12,13032,7,1
"30","5",FALSE,TRUE,"Misty",0.72,0.6667,0.51,0,40,13033,7,1
"31","6",FALSE,TRUE,"Clear to partly cloudy",0.7,0.6515,0.58,0.1045,136,13034,7,1
"32","7",FALSE,TRUE,"Clear to partly cloudy",0.74,0.6667,0.51,0.1045,398,13035,7,1
"33","8",FALSE,TRUE,"Clear to partly cloudy",0.76,0.697,0.52,0.194,568,13036,7,1
"34","9",FALSE,TRUE,"Clear to partly cloudy",0.78,0.697,0.46,0.2537,295,13037,7,1
"35","10",FALSE,TRUE,"Clear to partly cloudy",0.8,0.7273,0.43,0.2537,174,13038,7,1
"36","11",FALSE,TRUE,"Clear to partly cloudy",0.84,0.7273,0.28,0.2985,201,13039,7,1
"37","12",FALSE,TRUE,"Clear to partly cloudy",0.84,0.7273,0.32,0.194,257,13040,7,1
"38","13",FALSE,TRUE,"Clear to partly cloudy",0.86,0.7576,0.34,0.2239,236,13041,7,1
"39","14",FALSE,TRUE,"Clear to partly cloudy",0.86,0.7576,0.34,0.2239,230,13042,7,1
"40","15",FALSE,TRUE,"Clear to partly cloudy",0.84,0.7424,0.36,0.194,234,13043,7,1
"41","16",FALSE,TRUE,"Clear to partly cloudy",0.84,0.7424,0.36,0.2836,365,13044,7,1
"42","17",FALSE,TRUE,"Clear to partly cloudy",0.84,0.7273,0.32,0.1343,747,13045,7,1
"43","18",FALSE,TRUE,"Clear to partly cloudy",0.84,0.7273,0.32,0.1642,730,13046,7,1
"44","19",FALSE,TRUE,"Clear to partly cloudy",0.78,0.697,0.43,0.1343,581,13047,7,1
"45","20",FALSE,TRUE,"Clear to partly cloudy",0.78,0.697,0.43,0.1343,395,13048,7,1
"46","21",FALSE,TRUE,"Clear to partly cloudy",0.76,0.6818,0.45,0.1343,258,13049,7,1
"47","22",FALSE,TRUE,"Clear to partly cloudy",0.74,0.6667,0.51,0.1642,188,13050,7,1
"48","23",FALSE,TRUE,"Clear to partly cloudy",0.74,0.6667,0.51,0.1045,102,13051,7,1
"49","0",FALSE,TRUE,"Clear to partly cloudy",0.72,0.6667,0.54,0,53,13052,7,1
"50","1",FALSE,TRUE,"Clear to partly cloudy",0.72,0.6667,0.58,0,14,13053,7,1
"51","2",FALSE,TRUE,"Clear to partly cloudy",0.72,0.6667,0.58,0,10,13054,7,1
"52","3",FALSE,TRUE,"Clear to partly cloudy",0.7,0.6515,0.65,0.1343,2,13055,7,1
"53","4",FALSE,TRUE,"Clear to partly cloudy",0.68,0.6364,0.65,0.1045,6,13056,7,1
"54","5",FALSE,TRUE,"Clear to partly cloudy",0.7,0.6515,0.61,0,35,13057,7,1
"55","6",FALSE,TRUE,"Clear to partly cloudy",0.7,0.6515,0.65,0.1343,154,13058,7,1
"56","7",FALSE,TRUE,"Clear to partly cloudy",0.74,0.6818,0.58,0,483,13059,7,1
"57","8",FALSE,TRUE,"Clear to partly cloudy",0.74,0.6818,0.62,0.0896,646,13060,7,1
"58","9",FALSE,TRUE,"Clear to partly cloudy",0.8,0.7424,0.49,0.1642,272,13061,7,1
"59","10",FALSE,TRUE,"Clear to partly cloudy",0.82,0.7424,0.43,0.2239,209,13062,7,1
"60","11",FALSE,TRUE,"Clear to partly cloudy",0.86,0.7576,0.34,0.194,217,13063,7,1
"61","12",FALSE,TRUE,"Clear to partly cloudy",0.88,0.7576,0.28,0.194,272,13064,7,1
"62","13",FALSE,TRUE,"Clear to partly cloudy",0.9,0.7727,0.25,0.1343,283,13065,7,1
"63","14",FALSE,TRUE,"Clear to partly cloudy",0.9,0.7727,0.25,0.194,310,13066,7,1
"64","15",FALSE,TRUE,"Misty",0.9,0.7727,0.24,0,401,13067,7,1
"65","16",FALSE,TRUE,"Misty",0.9,0.7727,0.24,0.194,527,13068,7,1
"66","17",FALSE,TRUE,"Misty",0.86,0.7424,0.3,0.1642,722,13069,7,1
"67","18",FALSE,TRUE,"Misty",0.86,0.7424,0.3,0,627,13070,7,1
"68","19",FALSE,TRUE,"Misty",0.84,0.7424,0.36,0.1343,497,13071,7,1
"69","20",FALSE,TRUE,"Light Precipitation",0.76,0.697,0.55,0.4925,376,13072,7,1
"70","21",FALSE,TRUE,"Misty",0.7,0.6515,0.7,0.2836,196,13073,7,1
"71","22",FALSE,TRUE,"Clear to partly cloudy",0.68,0.6364,0.79,0.194,177,13074,7,1
"72","23",FALSE,TRUE,"Clear to partly cloudy",0.66,0.6061,0.83,0,171,13075,7,1
"73","0",TRUE,FALSE,"Clear to partly cloudy",0.68,0.6364,0.79,0.0896,159,13076,7,1
"74","1",TRUE,FALSE,"Clear to partly cloudy",0.68,0.6364,0.74,0,123,13077,7,1
"75","2",TRUE,FALSE,"Clear to partly cloudy",0.66,0.6061,0.83,0.1343,93,13078,7,1
"76","3",TRUE,FALSE,"Clear to partly cloudy",0.68,0.6364,0.74,0.194,32,13079,7,1
"77","4",TRUE,FALSE,"Clear to partly cloudy",0.68,0.6364,0.69,0.2537,16,13080,7,1
"78","5",TRUE,FALSE,"Clear to partly cloudy",0.66,0.6212,0.69,0,19,13081,7,1
"79","6",TRUE,FALSE,"Clear to partly cloudy",0.66,0.6212,0.69,0,32,13082,7,1
"80","7",TRUE,FALSE,"Clear to partly cloudy",0.68,0.6364,0.65,0,72,13083,7,1
"81","8",TRUE,FALSE,"Clear to partly cloudy",0.7,0.6515,0.61,0.1045,153,13084,7,1
"82","9",TRUE,FALSE,"Clear to partly cloudy",0.76,0.697,0.52,0,293,13085,7,1
"83","10",TRUE,FALSE,"Clear to partly cloudy",0.8,0.7273,0.46,0,447,13086,7,1
"84","11",TRUE,FALSE,"Clear to partly cloudy",0.82,0.7576,0.46,0.1343,485,13087,7,1
"85","12",TRUE,FALSE,"Clear to partly cloudy",0.86,0.7879,0.41,0.2239,494,13088,7,1
"86","13",TRUE,FALSE,"Clear to partly cloudy",0.9,0.8182,0.35,0,499,13089,7,1
"87","14",TRUE,FALSE,"Clear to partly cloudy",0.9,0.8182,0.37,0.1642,547,13090,7,1
"88","15",TRUE,FALSE,"Clear to partly cloudy",0.92,0.8485,0.35,0.2985,454,13091,7,1
"89","16",TRUE,FALSE,"Clear to partly cloudy",0.92,0.8485,0.35,0.2537,389,13092,7,1
"90","17",TRUE,FALSE,"Clear to partly cloudy",0.92,0.8485,0.35,0.2985,414,13093,7,1
"91","18",TRUE,FALSE,"Clear to partly cloudy",0.9,0.8485,0.42,0.194,430,13094,7,1
"92","19",TRUE,FALSE,"Clear to partly cloudy",0.86,0.803,0.47,0.2239,432,13095,7,1
"93","20",TRUE,FALSE,"Clear to partly cloudy",0.86,0.803,0.47,0.2239,551,13096,7,1
"94","21",TRUE,FALSE,"Clear to partly cloudy",0.84,0.803,0.53,0.1343,584,13097,7,1
"95","22",TRUE,FALSE,"Clear to partly cloudy",0.82,0.7879,0.56,0.2239,502,13098,7,1
"96","23",TRUE,FALSE,"Misty",0.78,0.697,0.43,0.0896,183,13099,7,1
"97","0",FALSE,TRUE,"Clear to partly cloudy",0.74,0.6667,0.51,0.1045,88,13100,7,1
"98","1",FALSE,TRUE,"Clear to partly cloudy",0.74,0.6667,0.51,0.2836,30,13101,7,1
"99","2",FALSE,TRUE,"Clear to partly cloudy",0.74,0.6667,0.51,0,18,13102,7,1
"100","3",FALSE,TRUE,"Clear to partly cloudy",0.72,0.6667,0.54,0.194,7,13103,7,1
"101","4",FALSE,TRUE,"Clear to partly cloudy",0.72,0.6667,0.58,0,7,13104,7,1
"102","5",FALSE,TRUE,"Clear to partly cloudy",0.72,0.6818,0.62,0,29,13105,7,1
"103","6",FALSE,TRUE,"Clear to partly cloudy",0.72,0.6667,0.58,0,133,13106,7,1
"104","7",FALSE,TRUE,"Clear to partly cloudy",0.76,0.697,0.55,0,343,13107,7,1
"105","8",FALSE,TRUE,"Clear to partly cloudy",0.8,0.7424,0.49,0.1343,550,13108,7,1
"106","9",FALSE,TRUE,"Clear to partly cloudy",0.84,0.7879,0.49,0.2985,293,13109,7,1
"107","10",FALSE,TRUE,"Clear to partly cloudy",0.86,0.7879,0.44,0.3582,186,13110,7,1
"108","11",FALSE,TRUE,"Clear to partly cloudy",0.9,0.8182,0.35,0.2985,244,13111,7,1
"109","12",FALSE,TRUE,"Clear to partly cloudy",0.9,0.8182,0.35,0.3582,276,13112,7,1
"110","13",FALSE,TRUE,"Clear to partly cloudy",0.92,0.8333,0.33,0.2239,310,13113,7,1
"111","14",FALSE,TRUE,"Clear to partly cloudy",0.92,0.8333,0.33,0.3284,241,13114,7,1
"112","15",FALSE,TRUE,"Clear to partly cloudy",0.92,0.8333,0.33,0.3582,254,13115,7,1
"113","16",FALSE,TRUE,"Clear to partly cloudy",0.92,0.8333,0.33,0.2537,433,13116,7,1
"114","17",FALSE,TRUE,"Clear to partly cloudy",0.92,0.8485,0.35,0.1642,689,13117,7,1
"115","18",FALSE,TRUE,"Misty",0.9,0.8333,0.39,0.3284,607,13118,7,1
"116","19",FALSE,TRUE,"Misty",0.88,0.803,0.39,0.2537,503,13119,7,1
"117","20",FALSE,TRUE,"Misty",0.86,0.7879,0.41,0.2239,321,13120,7,1
"118","21",FALSE,TRUE,"Clear to partly cloudy",0.84,0.7727,0.47,0.194,323,13121,7,1
"119","22",FALSE,TRUE,"Clear to partly cloudy",0.82,0.803,0.59,0.1343,225,13122,7,1
"120","23",FALSE,TRUE,"Clear to partly cloudy",0.8,0.7576,0.55,0.1642,131,13123,7,1
"121","0",FALSE,TRUE,"Clear to partly cloudy",0.78,0.7424,0.62,0.1343,102,13124,7,1
"122","1",FALSE,TRUE,"Clear to partly cloudy",0.78,0.7273,0.55,0.2239,29,13125,7,1
"123","2",FALSE,TRUE,"Clear to partly cloudy",0.76,0.7121,0.62,0.1343,17,13126,7,1
"124","3",FALSE,TRUE,"Misty",0.74,0.697,0.7,0.194,7,13127,7,1
"125","4",FALSE,TRUE,"Clear to partly cloudy",0.74,0.697,0.66,0.2239,6,13128,7,1
"126","5",FALSE,TRUE,"Clear to partly cloudy",0.74,0.697,0.66,0.194,35,13129,7,1
"127","6",FALSE,TRUE,"Clear to partly cloudy",0.74,0.697,0.66,0.194,131,13130,7,1
"128","7",FALSE,TRUE,"Clear to partly cloudy",0.78,0.697,0.46,0.1343,353,13131,7,1
"129","8",FALSE,TRUE,"Clear to partly cloudy",0.8,0.7121,0.41,0.1642,585,13132,7,1
"130","9",FALSE,TRUE,"Clear to partly cloudy",0.82,0.7273,0.36,0.1343,304,13133,7,1
"131","10",FALSE,TRUE,"Clear to partly cloudy",0.86,0.7424,0.3,0,210,13134,7,1
"132","11",FALSE,TRUE,"Clear to partly cloudy",0.84,0.7273,0.32,0.0896,233,13135,7,1
"133","12",FALSE,TRUE,"Clear to partly cloudy",0.88,0.7576,0.28,0.1045,331,13136,7,1
"134","13",FALSE,TRUE,"Clear to partly cloudy",0.9,0.7879,0.27,0.1045,293,13137,7,1
"135","14",FALSE,TRUE,"Clear to partly cloudy",0.9,0.803,0.31,0.1642,275,13138,7,1
"136","15",FALSE,TRUE,"Clear to partly cloudy",0.92,0.8182,0.29,0.194,285,13139,7,1
"137","16",FALSE,TRUE,"Clear to partly cloudy",0.92,0.8182,0.29,0.1045,369,13140,7,1
"138","17",FALSE,TRUE,"Clear to partly cloudy",0.92,0.8182,0.29,0,576,13141,7,1
"139","18",FALSE,TRUE,"Clear to partly cloudy",0.9,0.803,0.33,0.2537,560,13142,7,1
"140","19",FALSE,TRUE,"Clear to partly cloudy",0.88,0.7879,0.35,0.2239,418,13143,7,1
"141","20",FALSE,TRUE,"Clear to partly cloudy",0.86,0.7727,0.39,0.1045,336,13144,7,1
"142","21",FALSE,TRUE,"Clear to partly cloudy",0.82,0.7727,0.52,0.1343,300,13145,7,1
"143","22",FALSE,TRUE,"Clear to partly cloudy",0.8,0.7576,0.55,0.194,288,13146,7,1
"144","23",FALSE,TRUE,"Clear to partly cloudy",0.8,0.7879,0.63,0.1045,164,13147,7,1
"145","0",FALSE,FALSE,"Clear to partly cloudy",0.78,0.7576,0.66,0.1343,150,13148,7,1
"146","1",FALSE,FALSE,"Clear to partly cloudy",0.76,0.7273,0.7,0.1642,71,13149,7,1
"147","2",FALSE,FALSE,"Clear to partly cloudy",0.76,0.7424,0.72,0.1642,58,13150,7,1
"148","3",FALSE,FALSE,"Clear to partly cloudy",0.74,0.7121,0.74,0.1343,31,13151,7,1
"149","4",FALSE,FALSE,"Clear to partly cloudy",0.74,0.7121,0.74,0.1642,16,13152,7,1
"150","5",FALSE,FALSE,"Clear to partly cloudy",0.74,0.7121,0.74,0.194,14,13153,7,1
"151","6",FALSE,FALSE,"Clear to partly cloudy",0.74,0.7121,0.74,0.1045,31,13154,7,1
"152","7",FALSE,FALSE,"Clear to partly cloudy",0.78,0.7576,0.66,0.1045,71,13155,7,1
"153","8",FALSE,FALSE,"Clear to partly cloudy",0.82,0.8333,0.63,0.194,152,13156,7,1
"154","9",FALSE,FALSE,"Clear to partly cloudy",0.84,0.8333,0.59,0.1642,256,13157,7,1
"155","10",FALSE,FALSE,"Clear to partly cloudy",0.92,0.8636,0.37,0.2239,325,13158,7,1
"156","11",FALSE,FALSE,"Clear to partly cloudy",0.94,0.8788,0.38,0.194,367,13159,7,1
"157","12",FALSE,FALSE,"Clear to partly cloudy",0.96,0.8636,0.31,0.3582,342,13160,7,1
"158","13",FALSE,FALSE,"Misty",0.96,0.8636,0.31,0.2537,360,13161,7,1
"159","14",FALSE,FALSE,"Misty",0.96,0.8636,0.3,0.1343,308,13162,7,1
"160","15",FALSE,FALSE,"Clear to partly cloudy",0.96,0.8485,0.26,0,306,13163,7,1
"161","16",FALSE,FALSE,"Clear to partly cloudy",1,0.8636,0.19,0.1642,294,13164,7,1
"162","17",FALSE,FALSE,"Clear to partly cloudy",0.96,0.8485,0.26,0.1343,279,13165,7,1
"163","18",FALSE,FALSE,"Clear to partly cloudy",0.94,0.8333,0.29,0.0896,277,13166,7,1
"164","19",FALSE,FALSE,"Clear to partly cloudy",0.92,0.8333,0.33,0.1343,287,13167,7,1
"165","20",FALSE,FALSE,"Clear to partly cloudy",0.9,0.8182,0.37,0.1642,276,13168,7,1
"166","21",FALSE,FALSE,"Clear to partly cloudy",0.88,0.7879,0.37,0.194,201,13169,7,1
"167","22",FALSE,FALSE,"Clear to partly cloudy",0.84,0.8333,0.59,0.194,220,13170,7,1
"168","23",FALSE,FALSE,"Clear to partly cloudy",0.84,0.8182,0.56,0.1642,148,13171,7,1
"169","0",FALSE,FALSE,"Clear to partly cloudy",0.82,0.7879,0.56,0.1343,147,13172,7,1
"170","1",FALSE,FALSE,"Clear to partly cloudy",0.82,0.7879,0.56,0.1045,124,13173,7,1
"171","2",FALSE,FALSE,"Clear to partly cloudy",0.82,0.7727,0.52,0.1045,70,13174,7,1
"172","3",FALSE,FALSE,"Clear to partly cloudy",0.8,0.7727,0.59,0.1045,35,13175,7,1
"173","4",FALSE,FALSE,"Clear to partly cloudy",0.78,0.7576,0.66,0.1045,13,13176,7,1
"174","5",FALSE,FALSE,"Clear to partly cloudy",0.78,0.7424,0.62,0,6,13177,7,1
"175","6",FALSE,FALSE,"Clear to partly cloudy",0.78,0.7727,0.7,0.1343,21,13178,7,1
"176","7",FALSE,FALSE,"Clear to partly cloudy",0.8,0.803,0.66,0,52,13179,7,1
"177","8",FALSE,FALSE,"Clear to partly cloudy",0.84,0.803,0.53,0.1343,130,13180,7,1
"178","9",FALSE,FALSE,"Clear to partly cloudy",0.86,0.8182,0.5,0.1045,242,13181,7,1
"179","10",FALSE,FALSE,"Clear to partly cloudy",0.9,0.8636,0.45,0,319,13182,7,1
"180","11",FALSE,FALSE,"Clear to partly cloudy",0.92,0.8939,0.42,0.2985,389,13183,7,1
"181","12",FALSE,FALSE,"Clear to partly cloudy",0.92,0.8939,0.42,0.194,376,13184,7,1
"182","13",FALSE,FALSE,"Clear to partly cloudy",0.94,0.8788,0.38,0.2537,337,13185,7,1
"183","14",FALSE,FALSE,"Clear to partly cloudy",0.96,0.9091,0.36,0.1642,312,13186,7,1
"184","15",FALSE,FALSE,"Light Precipitation",0.92,0.8939,0.42,0.2836,298,13187,7,1
"185","16",FALSE,FALSE,"Misty",0.8,0.803,0.66,0.2239,291,13188,7,1
"186","17",FALSE,FALSE,"Clear to partly cloudy",0.78,0.7424,0.59,0,270,13189,7,1
"187","18",FALSE,FALSE,"Clear to partly cloudy",0.78,0.7424,0.62,0.1045,253,13190,7,1
"188","19",FALSE,FALSE,"Clear to partly cloudy",0.78,0.7424,0.62,0.1642,250,13191,7,1
"189","20",FALSE,FALSE,"Clear to partly cloudy",0.76,0.7273,0.7,0.0896,285,13192,7,1
"190","21",FALSE,FALSE,"Clear to partly cloudy",0.76,0.7273,0.7,0.1343,207,13193,7,1
"191","22",FALSE,FALSE,"Light Precipitation",0.74,0.697,0.7,0.0896,122,13194,7,1
"192","23",FALSE,FALSE,"Light Precipitation",0.68,0.6364,0.83,0.0896,123,13195,7,1
"193","0",FALSE,TRUE,"Misty",0.68,0.6364,0.89,0.0896,39,13196,7,1
"194","1",FALSE,TRUE,"Light Precipitation",0.7,0.6667,0.89,0.1045,18,13197,7,1
"195","2",FALSE,TRUE,"Light Precipitation",0.7,0.6667,0.89,0.194,5,13198,7,1
"196","3",FALSE,TRUE,"Light Precipitation",0.7,0.6667,0.89,0.194,5,13199,7,1
"197","4",FALSE,TRUE,"Light Precipitation",0.66,0.5909,0.89,0.3881,2,13200,7,1
"198","5",FALSE,TRUE,"Misty",0.66,0.6061,0.83,0.2239,28,13201,7,1
"199","6",FALSE,TRUE,"Light Precipitation",0.64,0.5758,0.89,0.2537,92,13202,7,1
"200","7",FALSE,TRUE,"Light Precipitation",0.66,0.6061,0.83,0.2239,230,13203,7,1
"201","8",FALSE,TRUE,"Misty",0.66,0.6061,0.83,0.1642,455,13204,7,1
"202","9",FALSE,TRUE,"Misty",0.66,0.6061,0.83,0.1642,363,13205,7,1
"203","10",FALSE,TRUE,"Misty",0.66,0.6061,0.83,0.194,175,13206,7,1
"204","11",FALSE,TRUE,"Misty",0.72,0.6818,0.62,0.1343,216,13207,7,1
"205","12",FALSE,TRUE,"Misty",0.74,0.6818,0.58,0.1343,266,13208,7,1
"206","13",FALSE,TRUE,"Misty",0.76,0.697,0.55,0.2537,255,13209,7,1
"207","14",FALSE,TRUE,"Misty",0.74,0.6818,0.55,0.2537,242,13210,7,1
"208","15",FALSE,TRUE,"Misty",0.76,0.6818,0.45,0.2239,280,13211,7,1
"209","16",FALSE,TRUE,"Clear to partly cloudy",0.78,0.697,0.4,0.2836,413,13212,7,1
"210","17",FALSE,TRUE,"Clear to partly cloudy",0.78,0.697,0.4,0.1642,849,13213,7,1
"211","18",FALSE,TRUE,"Clear to partly cloudy",0.76,0.6818,0.48,0.1343,872,13214,7,1
"212","19",FALSE,TRUE,"Clear to partly cloudy",0.74,0.6818,0.55,0.1642,631,13215,7,1
"213","20",FALSE,TRUE,"Misty",0.74,0.6818,0.55,0.1045,447,13216,7,1
"214","21",FALSE,TRUE,"Misty",0.74,0.6818,0.55,0.0896,331,13217,7,1
"215","22",FALSE,TRUE,"Misty",0.72,0.6667,0.58,0.1045,224,13218,7,1
"216","23",FALSE,TRUE,"Misty",0.7,0.6515,0.65,0.1045,131,13219,7,1
"217","0",FALSE,TRUE,"Clear to partly cloudy",0.7,0.6515,0.7,0.0896,69,13220,7,1
"218","1",FALSE,TRUE,"Clear to partly cloudy",0.7,0.6667,0.74,0.1343,15,13221,7,1
"219","2",FALSE,TRUE,"Clear to partly cloudy",0.7,0.6667,0.74,0.1343,16,13222,7,1
"220","3",FALSE,TRUE,"Clear to partly cloudy",0.68,0.6364,0.79,0,3,13223,7,1
"221","4",FALSE,TRUE,"Clear to partly cloudy",0.68,0.6364,0.79,0.1343,4,13224,7,1
"222","5",FALSE,TRUE,"Clear to partly cloudy",0.66,0.6061,0.83,0.1343,42,13225,7,1
"223","6",FALSE,TRUE,"Misty",0.68,0.6364,0.79,0.1045,187,13226,7,1
"224","7",FALSE,TRUE,"Misty",0.7,0.6667,0.74,0.1045,520,13227,7,1
"225","8",FALSE,TRUE,"Clear to partly cloudy",0.72,0.697,0.74,0.1343,649,13228,7,1
"226","9",FALSE,TRUE,"Clear to partly cloudy",0.74,0.697,0.66,0.1343,331,13229,7,1
"227","10",FALSE,TRUE,"Clear to partly cloudy",0.76,0.7121,0.62,0.194,190,13230,7,1
"228","11",FALSE,TRUE,"Clear to partly cloudy",0.8,0.7273,0.46,0.194,249,13231,7,1
"229","12",FALSE,TRUE,"Clear to partly cloudy",0.8,0.7121,0.41,0.1343,272,13232,7,1
"230","13",FALSE,TRUE,"Clear to partly cloudy",0.82,0.7273,0.38,0.194,280,13233,7,1
"231","14",FALSE,TRUE,"Clear to partly cloudy",0.82,0.7273,0.38,0.1642,242,13234,7,1
"232","15",FALSE,TRUE,"Clear to partly cloudy",0.8,0.7121,0.41,0.2239,265,13235,7,1
"233","16",FALSE,TRUE,"Clear to partly cloudy",0.8,0.7273,0.43,0.2239,435,13236,7,1
"234","17",FALSE,TRUE,"Clear to partly cloudy",0.78,0.7121,0.49,0.194,872,13237,7,1
"235","18",FALSE,TRUE,"Light Precipitation",0.7,0.6667,0.74,0.2239,819,13238,7,1
"236","19",FALSE,TRUE,"Light Precipitation",0.7,0.6667,0.74,0.2239,414,13239,7,1
"237","20",FALSE,TRUE,"Light Precipitation",0.64,0.5758,0.83,0.2239,84,13240,7,1
"238","21",FALSE,TRUE,"Light Precipitation",0.64,0.5758,0.89,0.1045,90,13241,7,1
"239","22",FALSE,TRUE,"Misty",0.64,0.5758,0.83,0.1343,139,13242,7,1
"240","23",FALSE,TRUE,"Misty",0.64,0.5758,0.89,0.1045,103,13243,7,1
"241","0",FALSE,TRUE,"Misty",0.66,0.6061,0.83,0.1343,44,13244,7,1
"242","1",FALSE,TRUE,"Clear to partly cloudy",0.64,0.5758,0.89,0,14,13245,7,1
"243","2",FALSE,TRUE,"Clear to partly cloudy",0.64,0.5758,0.89,0,5,13246,7,1
"244","3",FALSE,TRUE,"Clear to partly cloudy",0.64,0.5758,0.89,0.1343,5,13247,7,1
"245","4",FALSE,TRUE,"Clear to partly cloudy",0.64,0.5758,0.89,0.1343,7,13248,7,1
"246","5",FALSE,TRUE,"Clear to partly cloudy",0.64,0.5758,0.89,0,41,13249,7,1
"247","6",FALSE,TRUE,"Clear to partly cloudy",0.64,0.5758,0.89,0.1343,185,13250,7,1
"248","7",FALSE,TRUE,"Misty",0.66,0.6061,0.83,0.1045,497,13251,7,1
"249","8",FALSE,TRUE,"Misty",0.68,0.6364,0.79,0.1642,674,13252,7,1
"250","9",FALSE,TRUE,"Misty",0.7,0.6667,0.74,0.1343,328,13253,7,1
"251","10",FALSE,TRUE,"Misty",0.72,0.6818,0.62,0.1343,195,13254,7,1
"252","11",FALSE,TRUE,"Misty",0.76,0.7121,0.58,0.1343,229,13255,7,1
"253","12",FALSE,TRUE,"Misty",0.78,0.697,0.43,0,292,13256,7,1
"254","13",FALSE,TRUE,"Misty",0.8,0.7121,0.42,0.1642,273,13257,7,1
"255","14",FALSE,TRUE,"Clear to partly cloudy",0.8,0.7121,0.41,0.2239,241,13258,7,1
"256","15",FALSE,TRUE,"Clear to partly cloudy",0.8,0.7121,0.41,0.2537,276,13259,7,1
"257","16",FALSE,TRUE,"Clear to partly cloudy",0.8,0.7121,0.38,0.194,411,13260,7,1
"258","17",FALSE,TRUE,"Clear to partly cloudy",0.8,0.697,0.31,0.2239,830,13261,7,1
"259","18",FALSE,TRUE,"Clear to partly cloudy",0.78,0.6818,0.38,0.2537,814,13262,7,1
"260","19",FALSE,TRUE,"Clear to partly cloudy",0.74,0.6667,0.48,0.2239,633,13263,7,1
"261","20",FALSE,TRUE,"Clear to partly cloudy",0.74,0.6667,0.51,0.1642,483,13264,7,1
"262","21",FALSE,TRUE,"Clear to partly cloudy",0.72,0.6667,0.58,0.2239,391,13265,7,1
"263","22",FALSE,TRUE,"Clear to partly cloudy",0.72,0.6667,0.58,0.2537,244,13266,7,1
"264","23",FALSE,TRUE,"Misty",0.7,0.6515,0.58,0.2537,152,13267,7,1
"265","0",FALSE,TRUE,"Misty",0.68,0.6364,0.61,0,56,13268,7,1
"266","1",FALSE,TRUE,"Misty",0.66,0.6212,0.61,0,21,13269,7,1
"267","2",FALSE,TRUE,"Misty",0.66,0.6212,0.65,0.0896,9,13270,7,1
"268","3",FALSE,TRUE,"Clear to partly cloudy",0.64,0.6061,0.69,0.1045,10,13271,7,1
"269","4",FALSE,TRUE,"Clear to partly cloudy",0.64,0.6061,0.73,0.1045,5,13272,7,1
"270","5",FALSE,TRUE,"Clear to partly cloudy",0.62,0.5909,0.73,0.1045,44,13273,7,1
"271","6",FALSE,TRUE,"Clear to partly cloudy",0.64,0.6061,0.73,0.0896,178,13274,7,1
"272","7",FALSE,TRUE,"Clear to partly cloudy",0.64,0.6061,0.73,0.1343,512,13275,7,1
"273","8",FALSE,TRUE,"Clear to partly cloudy",0.68,0.6364,0.65,0.1343,702,13276,7,1
"274","9",FALSE,TRUE,"Clear to partly cloudy",0.72,0.6667,0.58,0.1045,327,13277,7,1
"275","10",FALSE,TRUE,"Clear to partly cloudy",0.74,0.6667,0.48,0.1642,214,13278,7,1
"276","11",FALSE,TRUE,"Clear to partly cloudy",0.76,0.6818,0.45,0.1045,215,13279,7,1
"277","12",FALSE,TRUE,"Clear to partly cloudy",0.78,0.6818,0.35,0.1343,292,13280,7,1
"278","13",FALSE,TRUE,"Clear to partly cloudy",0.8,0.697,0.33,0.2239,277,13281,7,1
"279","14",FALSE,TRUE,"Clear to partly cloudy",0.78,0.6818,0.33,0.2239,209,13282,7,1
"280","15",FALSE,TRUE,"Clear to partly cloudy",0.8,0.7121,0.36,0.194,271,13283,7,1
"281","16",FALSE,TRUE,"Clear to partly cloudy",0.8,0.7121,0.36,0.194,439,13284,7,1
"282","17",FALSE,TRUE,"Clear to partly cloudy",0.76,0.6818,0.43,0.2239,795,13285,7,1
"283","18",FALSE,TRUE,"Clear to partly cloudy",0.76,0.6818,0.45,0.1343,825,13286,7,1
"284","19",FALSE,TRUE,"Clear to partly cloudy",0.74,0.6667,0.48,0.2239,629,13287,7,1
"285","20",FALSE,TRUE,"Clear to partly cloudy",0.74,0.6667,0.48,0.2239,514,13288,7,1
"286","21",FALSE,TRUE,"Clear to partly cloudy",0.72,0.6667,0.48,0.2239,373,13289,7,1
"287","22",FALSE,TRUE,"Clear to partly cloudy",0.72,0.6667,0.51,0.1642,318,13290,7,1
"288","23",FALSE,TRUE,"Misty",0.7,0.6515,0.51,0.2239,211,13291,7,1
"289","0",FALSE,TRUE,"Misty",0.7,0.6515,0.54,0.1642,95,13292,7,1
"290","1",FALSE,TRUE,"Misty",0.68,0.6364,0.54,0.1045,59,13293,7,1
"291","2",FALSE,TRUE,"Misty",0.66,0.6212,0.61,0.0896,17,13294,7,1
"292","3",FALSE,TRUE,"Misty",0.68,0.6364,0.61,0,9,13295,7,1
"293","4",FALSE,TRUE,"Misty",0.66,0.6212,0.61,0,11,13296,7,1
"294","5",FALSE,TRUE,"Misty",0.66,0.6364,0.56,0.0896,34,13297,7,1
"295","6",FALSE,TRUE,"Misty",0.7,0.6515,0.54,0,127,13298,7,1
"296","7",FALSE,TRUE,"Misty",0.7,0.6515,0.54,0,380,13299,7,1
"297","8",FALSE,TRUE,"Misty",0.7,0.6515,0.54,0,713,13300,7,1
"298","9",FALSE,TRUE,"Misty",0.72,0.6667,0.51,0,414,13301,7,1
"299","10",FALSE,TRUE,"Misty",0.74,0.6667,0.48,0,268,13302,7,1
"300","11",FALSE,TRUE,"Misty",0.76,0.6818,0.45,0.1343,288,13303,7,1
"301","12",FALSE,TRUE,"Misty",0.76,0.6818,0.4,0.1045,379,13304,7,1
"302","13",FALSE,TRUE,"Misty",0.8,0.7121,0.38,0.1343,374,13305,7,1
"303","14",FALSE,TRUE,"Misty",0.8,0.7121,0.38,0,369,13306,7,1
"304","15",FALSE,TRUE,"Misty",0.8,0.7121,0.36,0.1045,353,13307,7,1
"305","16",FALSE,TRUE,"Misty",0.8,0.7121,0.36,0.2239,492,13308,7,1
"306","17",FALSE,TRUE,"Misty",0.8,0.7121,0.36,0.1642,835,13309,7,1
"307","18",FALSE,TRUE,"Clear to partly cloudy",0.78,0.697,0.46,0.194,631,13310,7,1
"308","19",FALSE,TRUE,"Clear to partly cloudy",0.74,0.6667,0.51,0.1642,488,13311,7,1
"309","20",FALSE,TRUE,"Clear to partly cloudy",0.74,0.6667,0.48,0.1343,389,13312,7,1
"310","21",FALSE,TRUE,"Clear to partly cloudy",0.72,0.6667,0.54,0,299,13313,7,1
"311","22",FALSE,TRUE,"Clear to partly cloudy",0.74,0.6667,0.45,0,263,13314,7,1
"312","23",FALSE,TRUE,"Misty",0.72,0.6515,0.45,0.1343,212,13315,7,1
"313","0",FALSE,FALSE,"Misty",0.72,0.6667,0.48,0.0896,191,13316,7,1
"314","1",FALSE,FALSE,"Misty",0.7,0.6515,0.51,0.1045,118,13317,7,1
"315","2",FALSE,FALSE,"Misty",0.7,0.6515,0.54,0.1045,101,13318,7,1
"316","3",FALSE,FALSE,"Misty",0.7,0.6515,0.54,0.1045,40,13319,7,1
"317","4",FALSE,FALSE,"Light Precipitation",0.66,0.6212,0.61,0.1045,9,13320,7,1
"318","5",FALSE,FALSE,"Misty",0.64,0.6061,0.73,0.1045,5,13321,7,1
"319","6",FALSE,FALSE,"Misty",0.64,0.5909,0.78,0.0896,35,13322,7,1
"320","7",FALSE,FALSE,"Clear to partly cloudy",0.64,0.5909,0.78,0.2836,48,13323,7,1
"321","8",FALSE,FALSE,"Clear to partly cloudy",0.62,0.5909,0.78,0.2836,151,13324,7,1
"322","9",FALSE,FALSE,"Clear to partly cloudy",0.66,0.6212,0.74,0.194,282,13325,7,1
"323","10",FALSE,FALSE,"Misty",0.72,0.6818,0.7,0.0896,401,13326,7,1
"324","11",FALSE,FALSE,"Misty",0.72,0.6818,0.7,0.1045,439,13327,7,1
"325","12",FALSE,FALSE,"Misty",0.74,0.697,0.66,0.0896,499,13328,7,1
"326","13",FALSE,FALSE,"Misty",0.76,0.7121,0.62,0.0896,591,13329,7,1
"327","14",FALSE,FALSE,"Clear to partly cloudy",0.8,0.7576,0.55,0.1045,632,13330,7,1
"328","15",FALSE,FALSE,"Clear to partly cloudy",0.8,0.7576,0.55,0.1642,560,13331,7,1
"329","16",FALSE,FALSE,"Misty",0.72,0.697,0.79,0.3582,566,13332,7,1
"330","17",FALSE,FALSE,"Light Precipitation",0.7,0.6667,0.79,0.1642,458,13333,7,1
"331","18",FALSE,FALSE,"Clear to partly cloudy",0.72,0.697,0.79,0.1343,351,13334,7,1
"332","19",FALSE,FALSE,"Clear to partly cloudy",0.72,0.7121,0.84,0.0896,431,13335,7,1
"333","20",FALSE,FALSE,"Clear to partly cloudy",0.72,0.7121,0.84,0.0896,356,13336,7,1
"334","21",FALSE,FALSE,"Clear to partly cloudy",0.7,0.6667,0.84,0.2239,269,13337,7,1
"335","22",FALSE,FALSE,"Clear to partly cloudy",0.7,0.6667,0.79,0.194,225,13338,7,1
"336","23",FALSE,FALSE,"Misty",0.68,0.6364,0.83,0.0896,211,13339,7,1
"337","0",FALSE,FALSE,"Clear to partly cloudy",0.68,0.6364,0.89,0.1642,187,13340,7,1
"338","1",FALSE,FALSE,"Misty",0.68,0.6364,0.89,0.1343,168,13341,7,1
"339","2",FALSE,FALSE,"Misty",0.68,0.6364,0.89,0.1642,115,13342,7,1
"340","3",FALSE,FALSE,"Misty",0.68,0.6364,0.89,0.1642,57,13343,7,1
"341","4",FALSE,FALSE,"Misty",0.68,0.6364,0.89,0.1045,19,13344,7,1
"342","5",FALSE,FALSE,"Clear to partly cloudy",0.68,0.6364,0.89,0.1343,9,13345,7,1
"343","6",FALSE,FALSE,"Clear to partly cloudy",0.68,0.6364,0.83,0.1343,15,13346,7,1
"344","7",FALSE,FALSE,"Clear to partly cloudy",0.7,0.6667,0.79,0.0896,47,13347,7,1
"345","8",FALSE,FALSE,"Misty",0.7,0.6667,0.84,0.1343,133,13348,7,1
"346","9",FALSE,FALSE,"Misty",0.72,0.697,0.79,0,221,13349,7,1
"347","10",FALSE,FALSE,"Clear to partly cloudy",0.76,0.7273,0.66,0.1343,382,13350,7,1
"348","11",FALSE,FALSE,"Clear to partly cloudy",0.82,0.7727,0.52,0.1642,451,13351,7,1
"349","12",FALSE,FALSE,"Clear to partly cloudy",0.84,0.7727,0.47,0.1045,489,13352,7,1
"350","13",FALSE,FALSE,"Clear to partly cloudy",0.86,0.7879,0.41,0.1045,480,13353,7,1
"351","14",FALSE,FALSE,"Clear to partly cloudy",0.9,0.8182,0.37,0.2537,476,13354,7,1
"352","15",FALSE,FALSE,"Clear to partly cloudy",0.86,0.803,0.47,0.1343,489,13355,7,1
"353","16",FALSE,FALSE,"Clear to partly cloudy",0.86,0.7879,0.41,0.2239,495,13356,7,1
"354","17",FALSE,FALSE,"Clear to partly cloudy",0.8,0.7727,0.59,0.4925,436,13357,7,1
"355","18",FALSE,FALSE,"Light Precipitation",0.72,0.697,0.79,0.3582,312,13358,7,1
"356","19",FALSE,FALSE,"Clear to partly cloudy",0.72,0.7121,0.84,0.2239,312,13359,7,1
"357","20",FALSE,FALSE,"Clear to partly cloudy",0.72,0.697,0.79,0.2537,294,13360,7,1
"358","21",FALSE,FALSE,"Clear to partly cloudy",0.72,0.697,0.79,0.0896,223,13361,7,1
"359","22",FALSE,FALSE,"Clear to partly cloudy",0.72,0.697,0.74,0.1045,130,13362,7,1
"360","23",FALSE,FALSE,"Clear to partly cloudy",0.72,0.697,0.79,0.1343,91,13363,7,1
"361","0",FALSE,TRUE,"Light Precipitation",0.72,0.697,0.79,0.1045,43,13364,7,1
"362","1",FALSE,TRUE,"Misty",0.7,0.6667,0.74,0.194,11,13365,7,1
"363","2",FALSE,TRUE,"Clear to partly cloudy",0.7,0.6667,0.74,0.1045,15,13366,7,1
"364","3",FALSE,TRUE,"Clear to partly cloudy",0.68,0.6364,0.79,0.0896,6,13367,7,1
"365","4",FALSE,TRUE,"Clear to partly cloudy",0.68,0.6364,0.79,0.1045,12,13368,7,1
"366","5",FALSE,TRUE,"Clear to partly cloudy",0.66,0.6061,0.78,0.1045,50,13369,7,1
"367","6",FALSE,TRUE,"Clear to partly cloudy",0.68,0.6364,0.79,0.1343,140,13370,7,1
"368","7",FALSE,TRUE,"Clear to partly cloudy",0.72,0.6818,0.7,0.0896,483,13371,7,1
"369","8",FALSE,TRUE,"Clear to partly cloudy",0.74,0.697,0.66,0.1045,667,13372,7,1
"370","9",FALSE,TRUE,"Clear to partly cloudy",0.76,0.7121,0.62,0.1642,348,13373,7,1
"371","10",FALSE,TRUE,"Clear to partly cloudy",0.8,0.7727,0.59,0,186,13374,7,1
"372","11",FALSE,TRUE,"Clear to partly cloudy",0.84,0.803,0.53,0.2239,182,13375,7,1
"373","12",FALSE,TRUE,"Clear to partly cloudy",0.84,0.7879,0.49,0.1343,237,13376,7,1
"374","13",FALSE,TRUE,"Clear to partly cloudy",0.84,0.7879,0.49,0.2836,239,13377,7,1
"375","14",FALSE,TRUE,"Clear to partly cloudy",0.88,0.8182,0.42,0.1045,212,13378,7,1
"376","15",FALSE,TRUE,"Clear to partly cloudy",0.86,0.803,0.47,0.2537,237,13379,7,1
"377","16",FALSE,TRUE,"Light Precipitation",0.76,0.7273,0.66,0.5821,386,13380,7,1
"378","17",FALSE,TRUE,"Light Precipitation",0.76,0.7273,0.66,0.5821,755,13381,7,1
"379","18",FALSE,TRUE,"Clear to partly cloudy",0.84,0.803,0.53,0,794,13382,7,1
"380","19",FALSE,TRUE,"Clear to partly cloudy",0.8,0.7879,0.63,0.1343,595,13383,7,1
"381","20",FALSE,TRUE,"Clear to partly cloudy",0.8,0.7727,0.59,0.1343,454,13384,7,1
"382","21",FALSE,TRUE,"Clear to partly cloudy",0.76,0.7273,0.66,0.1343,328,13385,7,1
"383","22",FALSE,TRUE,"Clear to partly cloudy",0.76,0.7121,0.62,0.0896,284,13386,7,1
"384","23",FALSE,TRUE,"Clear to partly cloudy",0.74,0.7121,0.74,0.0896,166,13387,7,1
"385","0",FALSE,TRUE,"Clear to partly cloudy",0.72,0.7121,0.84,0.1045,53,13388,7,1
"386","1",FALSE,TRUE,"Clear to partly cloudy",0.74,0.697,0.7,0,25,13389,7,1
"387","2",FALSE,TRUE,"Clear to partly cloudy",0.72,0.6818,0.7,0.0896,7,13390,7,1
"388","3",FALSE,TRUE,"Clear to partly cloudy",0.72,0.6818,0.66,0,3,13391,7,1
"389","4",FALSE,TRUE,"Clear to partly cloudy",0.72,0.6818,0.62,0,7,13392,7,1
"390","5",FALSE,TRUE,"Clear to partly cloudy",0.68,0.6364,0.74,0.0896,38,13393,7,1
"391","6",FALSE,TRUE,"Clear to partly cloudy",0.72,0.6818,0.66,0.1045,213,13394,7,1
"392","7",FALSE,TRUE,"Misty",0.74,0.697,0.7,0,526,13395,7,1
"393","8",FALSE,TRUE,"Misty",0.8,0.7576,0.55,0,661,13396,7,1
"394","9",FALSE,TRUE,"Misty",0.82,0.7727,0.49,0.2239,320,13397,7,1
"395","10",FALSE,TRUE,"Misty",0.84,0.7879,0.49,0.194,159,13398,7,1
"396","11",FALSE,TRUE,"Misty",0.86,0.803,0.47,0,206,13399,7,1
"397","12",FALSE,TRUE,"Misty",0.9,0.8182,0.35,0,254,13400,7,1
"398","13",FALSE,TRUE,"Clear to partly cloudy",0.92,0.8182,0.31,0.194,221,13401,7,1
"399","14",FALSE,TRUE,"Clear to partly cloudy",0.94,0.8333,0.29,0.2537,214,13402,7,1
"400","15",FALSE,TRUE,"Clear to partly cloudy",0.92,0.8182,0.31,0.1642,244,13403,7,1
"401","16",FALSE,TRUE,"Clear to partly cloudy",0.92,0.8182,0.29,0.1642,381,13404,7,1
"402","17",FALSE,TRUE,"Clear to partly cloudy",0.92,0.8182,0.29,0,770,13405,7,1
"403","18",FALSE,TRUE,"Clear to partly cloudy",0.9,0.803,0.33,0.194,772,13406,7,1
"404","19",FALSE,TRUE,"Clear to partly cloudy",0.88,0.7879,0.35,0.2537,547,13407,7,1
"405","20",FALSE,TRUE,"Clear to partly cloudy",0.86,0.7576,0.34,0.1642,427,13408,7,1
"406","21",FALSE,TRUE,"Clear to partly cloudy",0.82,0.7727,0.52,0.1343,333,13409,7,1
"407","22",FALSE,TRUE,"Clear to partly cloudy",0.8,0.7576,0.55,0.2239,244,13410,7,1
"408","23",FALSE,TRUE,"Clear to partly cloudy",0.78,0.7424,0.59,0.194,161,13411,7,1
"409","0",FALSE,TRUE,"Clear to partly cloudy",0.76,0.7273,0.66,0.1642,53,13412,7,1
"410","1",FALSE,TRUE,"Clear to partly cloudy",0.76,0.7273,0.66,0.1045,16,13413,7,1
"411","2",FALSE,TRUE,"Clear to partly cloudy",0.74,0.697,0.66,0.1343,8,13414,7,1
"412","3",FALSE,TRUE,"Clear to partly cloudy",0.74,0.697,0.66,0.1343,4,13415,7,1
"413","4",FALSE,TRUE,"Clear to partly cloudy",0.72,0.6818,0.7,0.1343,6,13416,7,1
"414","5",FALSE,TRUE,"Clear to partly cloudy",0.72,0.6818,0.7,0.1642,46,13417,7,1
"415","6",FALSE,TRUE,"Clear to partly cloudy",0.72,0.6818,0.7,0.1642,162,13418,7,1
"416","7",FALSE,TRUE,"Clear to partly cloudy",0.74,0.697,0.66,0.1642,495,13419,7,1
"417","8",FALSE,TRUE,"Clear to partly cloudy",0.78,0.7424,0.62,0.1045,679,13420,7,1
"418","9",FALSE,TRUE,"Clear to partly cloudy",0.82,0.7879,0.56,0,297,13421,7,1
"419","10",FALSE,TRUE,"Clear to partly cloudy",0.9,0.8485,0.42,0.194,138,13422,7,1
"420","11",FALSE,TRUE,"Clear to partly cloudy",0.9,0.8485,0.42,0,183,13423,7,1
"421","12",FALSE,TRUE,"Clear to partly cloudy",0.92,0.8636,0.37,0.1343,202,13424,7,1
"422","13",FALSE,TRUE,"Clear to partly cloudy",0.94,0.8485,0.33,0,203,13425,7,1
"423","14",FALSE,TRUE,"Clear to partly cloudy",0.94,0.8788,0.38,0.3284,170,13426,7,1
"424","15",FALSE,TRUE,"Light Precipitation",0.92,0.8485,0.35,0.3582,194,13427,7,1
"425","16",FALSE,TRUE,"Clear to partly cloudy",0.74,0.697,0.66,0.2537,224,13428,7,1
"426","17",FALSE,TRUE,"Clear to partly cloudy",0.74,0.697,0.7,0.2537,370,13429,7,1
"427","18",FALSE,TRUE,"Misty",0.76,0.7121,0.62,0.1343,643,13430,7,1
"428","19",FALSE,TRUE,"Misty",0.76,0.7121,0.62,0.1045,516,13431,7,1
"429","20",FALSE,TRUE,"Clear to partly cloudy",0.74,0.6818,0.62,0.0896,366,13432,7,1
"430","21",FALSE,TRUE,"Clear to partly cloudy",0.76,0.7121,0.62,0,319,13433,7,1
"431","22",FALSE,TRUE,"Clear to partly cloudy",0.76,0.7121,0.58,0.0896,288,13434,7,1
"432","23",FALSE,TRUE,"Clear to partly cloudy",0.76,0.7121,0.58,0.0896,131,13435,7,1
"433","0",FALSE,TRUE,"Clear to partly cloudy",0.74,0.697,0.66,0.0896,66,13436,7,1
"434","1",FALSE,TRUE,"Clear to partly cloudy",0.74,0.697,0.66,0.0896,25,13437,7,1
"435","2",FALSE,TRUE,"Clear to partly cloudy",0.72,0.6818,0.7,0.194,7,13438,7,1
"436","3",FALSE,TRUE,"Clear to partly cloudy",0.72,0.6818,0.7,0.1045,5,13439,7,1
"437","4",FALSE,TRUE,"Clear to partly cloudy",0.72,0.6818,0.7,0.1045,8,13440,7,1
"438","5",FALSE,TRUE,"Misty",0.72,0.6818,0.7,0.1045,40,13441,7,1
"439","6",FALSE,TRUE,"Clear to partly cloudy",0.72,0.6818,0.66,0.1343,152,13442,7,1
"440","7",FALSE,TRUE,"Clear to partly cloudy",0.74,0.6818,0.58,0.2836,473,13443,7,1
"441","8",FALSE,TRUE,"Clear to partly cloudy",0.76,0.7121,0.58,0.2537,657,13444,7,1
"442","9",FALSE,TRUE,"Misty",0.76,0.7121,0.58,0.2836,318,13445,7,1
"443","10",FALSE,TRUE,"Clear to partly cloudy",0.76,0.7121,0.58,0.194,198,13446,7,1
"444","11",FALSE,TRUE,"Clear to partly cloudy",0.8,0.7576,0.55,0.1045,216,13447,7,1
"445","12",FALSE,TRUE,"Clear to partly cloudy",0.84,0.7879,0.49,0.2836,274,13448,7,1
"446","13",FALSE,TRUE,"Clear to partly cloudy",0.84,0.7727,0.47,0.1343,254,13449,7,1
"447","14",FALSE,TRUE,"Clear to partly cloudy",0.86,0.7879,0.44,0.0896,197,13450,7,1
"448","15",FALSE,TRUE,"Clear to partly cloudy",0.84,0.7727,0.47,0.0896,292,13451,7,1
"449","16",FALSE,TRUE,"Clear to partly cloudy",0.84,0.7727,0.47,0.0896,358,13452,7,1
"450","17",FALSE,TRUE,"Clear to partly cloudy",0.86,0.7879,0.41,0,771,13453,7,1
"451","18",FALSE,TRUE,"Clear to partly cloudy",0.86,0.7879,0.41,0.194,777,13454,7,1
"452","19",FALSE,TRUE,"Clear to partly cloudy",0.84,0.7576,0.44,0.2537,533,13455,7,1
"453","20",FALSE,TRUE,"Clear to partly cloudy",0.82,0.7727,0.49,0.1642,505,13456,7,1
"454","21",FALSE,TRUE,"Light Precipitation",0.66,0.5909,0.89,0.2537,332,13457,7,1
"455","22",FALSE,TRUE,"Light Precipitation",0.66,0.5909,0.89,0.2537,68,13458,7,1
"456","23",FALSE,TRUE,"Light Precipitation",0.66,0.5909,0.89,0.2239,65,13459,7,1
"457","0",FALSE,TRUE,"Light Precipitation",0.66,0.5909,0.89,0.0896,34,13460,7,1
"458","1",FALSE,TRUE,"Clear to partly cloudy",0.66,0.5909,0.89,0.1343,11,13461,7,1
"459","2",FALSE,TRUE,"Misty",0.66,0.5909,0.89,0.0896,19,13462,7,1
"460","3",FALSE,TRUE,"Misty",0.66,0.5909,0.89,0.1045,36,13463,7,1
"461","4",FALSE,TRUE,"Misty",0.66,0.5909,0.89,0.1642,9,13464,7,1
"462","5",FALSE,TRUE,"Misty",0.66,0.5909,0.89,0.1343,42,13465,7,1
"463","6",FALSE,TRUE,"Misty",0.66,0.5909,0.89,0.1642,126,13466,7,1
"464","7",FALSE,TRUE,"Misty",0.66,0.5909,0.89,0.194,360,13467,7,1
"465","8",FALSE,TRUE,"Misty",0.68,0.6364,0.83,0.1642,691,13468,7,1
"466","9",FALSE,TRUE,"Misty",0.7,0.6667,0.79,0.1343,373,13469,7,1
"467","10",FALSE,TRUE,"Misty",0.7,0.6667,0.79,0.1642,233,13470,7,1
"468","11",FALSE,TRUE,"Light Precipitation",0.72,0.697,0.74,0.194,212,13471,7,1
"469","12",FALSE,TRUE,"Light Precipitation",0.68,0.6364,0.83,0.1642,274,13472,7,1
"470","13",FALSE,TRUE,"Light Precipitation",0.68,0.6364,0.83,0.1045,156,13473,7,1
"471","14",FALSE,TRUE,"Light Precipitation",0.7,0.6667,0.84,0.1642,229,13474,7,1
"472","15",FALSE,TRUE,"Misty",0.7,0.6667,0.84,0.2985,216,13475,7,1
"473","16",FALSE,TRUE,"Misty",0.68,0.6364,0.83,0.3284,436,13476,7,1
"474","17",FALSE,TRUE,"Misty",0.66,0.5909,0.89,0.4179,715,13477,7,1
"475","18",FALSE,TRUE,"Misty",0.66,0.6061,0.78,0.3284,622,13478,7,1
"476","19",FALSE,TRUE,"Misty",0.64,0.5758,0.83,0.2836,402,13479,7,1
"477","20",FALSE,TRUE,"Light Precipitation",0.64,0.5758,0.83,0.3881,251,13480,7,1
"478","21",FALSE,TRUE,"Light Precipitation",0.62,0.5758,0.83,0.3284,122,13481,7,1
"479","22",FALSE,TRUE,"Misty",0.62,0.5758,0.83,0.194,135,13482,7,1
"480","23",FALSE,TRUE,"Misty",0.62,0.5758,0.83,0.2836,166,13483,7,1
"481","0",FALSE,FALSE,"Light Precipitation",0.62,0.5758,0.83,0.2836,103,13484,7,1
"482","1",FALSE,FALSE,"Misty",0.62,0.5758,0.83,0.2537,72,13485,7,1
"483","2",FALSE,FALSE,"Light Precipitation",0.6,0.5455,0.88,0.2836,60,13486,7,1
"484","3",FALSE,FALSE,"Light Precipitation",0.6,0.5455,0.88,0.2537,25,13487,7,1
"485","4",FALSE,FALSE,"Light Precipitation",0.58,0.5455,0.88,0.2836,16,13488,7,1
"486","5",FALSE,FALSE,"Light Precipitation",0.58,0.5455,0.88,0.2537,17,13489,7,1
"487","6",FALSE,FALSE,"Light Precipitation",0.58,0.5455,0.88,0.2537,15,13490,7,1
"488","7",FALSE,FALSE,"Misty",0.58,0.5455,0.88,0.2537,37,13491,7,1
"489","8",FALSE,FALSE,"Misty",0.58,0.5455,0.83,0.2537,112,13492,7,1
"490","9",FALSE,FALSE,"Misty",0.58,0.5455,0.83,0.194,207,13493,7,1
"491","10",FALSE,FALSE,"Light Precipitation",0.58,0.5455,0.88,0.2537,268,13494,7,1
"492","11",FALSE,FALSE,"Misty",0.6,0.5606,0.83,0.2537,305,13495,7,1
"493","12",FALSE,FALSE,"Light Precipitation",0.6,0.5606,0.83,0.2239,457,13496,7,1
"494","13",FALSE,FALSE,"Light Precipitation",0.6,0.5606,0.83,0.1642,354,13497,7,1
"495","14",FALSE,FALSE,"Misty",0.6,0.5455,0.88,0.2537,343,13498,7,1
"496","15",FALSE,FALSE,"Light Precipitation",0.6,0.5455,0.88,0.2537,380,13499,7,1
"497","16",FALSE,FALSE,"Light Precipitation",0.6,0.5455,0.88,0.194,326,13500,7,1
"498","17",FALSE,FALSE,"Light Precipitation",0.6,0.5455,0.88,0.1642,241,13501,7,1
"499","18",FALSE,FALSE,"Misty",0.6,0.5455,0.88,0.194,177,13502,7,1
"500","19",FALSE,FALSE,"Misty",0.6,0.5455,0.88,0.1642,238,13503,7,1
"501","20",FALSE,FALSE,"Light Precipitation",0.6,0.5455,0.88,0.1642,214,13504,7,1
"502","21",FALSE,FALSE,"Misty",0.6,0.5455,0.88,0.1642,163,13505,7,1
"503","22",FALSE,FALSE,"Misty",0.6,0.5455,0.88,0.1045,180,13506,7,1
"504","23",FALSE,FALSE,"Misty",0.6,0.5455,0.88,0,149,13507,7,1
"505","0",FALSE,FALSE,"Misty",0.6,0.5455,0.88,0.1045,113,13508,7,1
"506","1",FALSE,FALSE,"Misty",0.6,0.5455,0.88,0.1642,130,13509,7,1
"507","2",FALSE,FALSE,"Misty",0.6,0.5455,0.88,0.1045,122,13510,7,1
"508","3",FALSE,FALSE,"Misty",0.6,0.5455,0.88,0.1045,43,13511,7,1
"509","4",FALSE,FALSE,"Clear to partly cloudy",0.6,0.5455,0.88,0,16,13512,7,1
"510","5",FALSE,FALSE,"Clear to partly cloudy",0.6,0.5455,0.88,0,6,13513,7,1
"511","6",FALSE,FALSE,"Misty",0.62,0.5758,0.83,0.0896,19,13514,7,1
"512","7",FALSE,FALSE,"Misty",0.62,0.5758,0.83,0,38,13515,7,1
"513","8",FALSE,FALSE,"Misty",0.64,0.5909,0.78,0,153,13516,7,1
"514","9",FALSE,FALSE,"Misty",0.66,0.6212,0.69,0,258,13517,7,1
"515","10",FALSE,FALSE,"Misty",0.66,0.6212,0.74,0,379,13518,7,1
"516","11",FALSE,FALSE,"Misty",0.66,0.6212,0.74,0,505,13519,7,1
"517","12",FALSE,FALSE,"Misty",0.7,0.6515,0.7,0.1045,504,13520,7,1
"518","13",FALSE,FALSE,"Misty",0.7,0.6515,0.65,0.0896,626,13521,7,1
"519","14",FALSE,FALSE,"Clear to partly cloudy",0.72,0.6818,0.66,0.1045,616,13522,7,1
"520","15",FALSE,FALSE,"Clear to partly cloudy",0.72,0.6818,0.66,0.1045,624,13523,7,1
"521","16",FALSE,FALSE,"Clear to partly cloudy",0.74,0.697,0.66,0.1045,628,13524,7,1
"522","17",FALSE,FALSE,"Clear to partly cloudy",0.74,0.697,0.66,0.2239,556,13525,7,1
"523","18",FALSE,FALSE,"Clear to partly cloudy",0.74,0.697,0.66,0.1642,515,13526,7,1
"524","19",FALSE,FALSE,"Clear to partly cloudy",0.72,0.6818,0.7,0.1642,522,13527,7,1
"525","20",FALSE,FALSE,"Clear to partly cloudy",0.7,0.6667,0.74,0.1642,378,13528,7,1
"526","21",FALSE,FALSE,"Clear to partly cloudy",0.7,0.6667,0.79,0.1045,345,13529,7,1
"527","22",FALSE,FALSE,"Clear to partly cloudy",0.7,0.6667,0.74,0.194,191,13530,7,1
"528","23",FALSE,FALSE,"Clear to partly cloudy",0.68,0.6364,0.79,0.1642,123,13531,7,1
"529","0",FALSE,TRUE,"Clear to partly cloudy",0.66,0.5909,0.89,0.0896,47,13532,7,1
"530","1",FALSE,TRUE,"Clear to partly cloudy",0.66,0.5909,0.89,0.194,27,13533,7,1
"531","2",FALSE,TRUE,"Misty",0.66,0.5909,0.94,0.0896,17,13534,7,1
"532","3",FALSE,TRUE,"Misty",0.66,0.5909,0.94,0.0896,2,13535,7,1
"533","4",FALSE,TRUE,"Misty",0.66,0.5909,0.94,0.1343,8,13536,7,1
"534","5",FALSE,TRUE,"Misty",0.66,0.5909,0.94,0.1343,51,13537,7,1
"535","6",FALSE,TRUE,"Misty",0.68,0.6364,0.89,0.0896,157,13538,7,1
"536","7",FALSE,TRUE,"Clear to partly cloudy",0.7,0.6667,0.84,0.1343,421,13539,7,1
"537","8",FALSE,TRUE,"Clear to partly cloudy",0.72,0.697,0.79,0.1045,738,13540,7,1
"538","9",FALSE,TRUE,"Misty",0.74,0.7121,0.74,0.1343,345,13541,7,1
"539","10",FALSE,TRUE,"Misty",0.78,0.7424,0.62,0,200,13542,7,1
"540","11",FALSE,TRUE,"Misty",0.8,0.7424,0.52,0.1642,198,13543,7,1
"541","12",FALSE,TRUE,"Misty",0.8,0.7424,0.52,0.1642,314,13544,7,1
"542","13",FALSE,TRUE,"Misty",0.8,0.7424,0.52,0.1045,240,13545,7,1
"543","14",FALSE,TRUE,"Misty",0.78,0.7424,0.59,0.1642,271,13546,7,1
"544","15",FALSE,TRUE,"Clear to partly cloudy",0.8,0.7576,0.55,0.194,281,13547,7,1
"545","16",FALSE,TRUE,"Clear to partly cloudy",0.82,0.7727,0.52,0.1343,457,13548,7,1
"546","17",FALSE,TRUE,"Clear to partly cloudy",0.82,0.7727,0.52,0.1343,847,13549,7,1
"547","18",FALSE,TRUE,"Clear to partly cloudy",0.82,0.7576,0.46,0.1045,741,13550,7,1
"548","19",FALSE,TRUE,"Clear to partly cloudy",0.8,0.7424,0.52,0.2537,582,13551,7,1
"549","20",FALSE,TRUE,"Clear to partly cloudy",0.76,0.7121,0.62,0.1642,403,13552,7,1
"550","21",FALSE,TRUE,"Clear to partly cloudy",0.76,0.7121,0.62,0.194,296,13553,7,1
"551","22",FALSE,TRUE,"Clear to partly cloudy",0.74,0.6818,0.62,0.194,209,13554,7,1
"552","23",FALSE,TRUE,"Clear to partly cloudy",0.72,0.6818,0.66,0.1642,114,13555,7,1
"553","0",FALSE,TRUE,"Clear to partly cloudy",0.7,0.6667,0.74,0.1343,64,13556,7,1
"554","1",FALSE,TRUE,"Clear to partly cloudy",0.68,0.6364,0.79,0.1642,17,13557,7,1
"555","2",FALSE,TRUE,"Clear to partly cloudy",0.66,0.6061,0.83,0.1642,16,13558,7,1
"556","3",FALSE,TRUE,"Clear to partly cloudy",0.66,0.6061,0.83,0.1642,6,13559,7,1
"557","4",FALSE,TRUE,"Clear to partly cloudy",0.66,0.6061,0.83,0.0896,6,13560,7,1
"558","5",FALSE,TRUE,"Clear to partly cloudy",0.66,0.6061,0.83,0.1045,50,13561,7,1
"559","6",FALSE,TRUE,"Clear to partly cloudy",0.66,0.6061,0.83,0.1343,190,13562,7,1
"560","7",FALSE,TRUE,"Clear to partly cloudy",0.7,0.6667,0.74,0.1642,516,13563,7,1
"561","8",FALSE,TRUE,"Clear to partly cloudy",0.74,0.697,0.7,0.194,743,13564,7,1
"562","9",FALSE,TRUE,"Clear to partly cloudy",0.84,0.803,0.53,0,339,13565,7,1
"563","10",FALSE,TRUE,"Clear to partly cloudy",0.82,0.7879,0.56,0.2985,218,13566,7,1
"564","11",FALSE,TRUE,"Misty",0.84,0.803,0.53,0.3284,201,13567,7,1
"565","12",FALSE,TRUE,"Misty",0.82,0.7879,0.56,0.2239,229,13568,7,1
"566","13",FALSE,TRUE,"Misty",0.84,0.803,0.53,0.2985,273,13569,7,1
"567","14",FALSE,TRUE,"Misty",0.84,0.803,0.53,0.2239,244,13570,7,1
"568","15",FALSE,TRUE,"Clear to partly cloudy",0.82,0.7727,0.49,0.2985,285,13571,7,1
"569","16",FALSE,TRUE,"Clear to partly cloudy",0.8,0.7576,0.55,0.2985,455,13572,7,1
"570","17",FALSE,TRUE,"Clear to partly cloudy",0.8,0.7424,0.52,0.3284,869,13573,7,1
"571","18",FALSE,TRUE,"Clear to partly cloudy",0.76,0.7121,0.62,0.3284,877,13574,7,1
"572","19",FALSE,TRUE,"Clear to partly cloudy",0.76,0.7121,0.62,0.1642,632,13575,7,1
"573","20",FALSE,TRUE,"Clear to partly cloudy",0.74,0.697,0.66,0.1642,523,13576,7,1
"574","21",FALSE,TRUE,"Clear to partly cloudy",0.74,0.697,0.66,0.2239,378,13577,7,1
"575","22",FALSE,TRUE,"Clear to partly cloudy",0.74,0.697,0.66,0.2537,269,13578,7,1
"576","23",FALSE,TRUE,"Clear to partly cloudy",0.74,0.6818,0.58,0.3284,192,13579,7,1
"577","0",FALSE,TRUE,"Clear to partly cloudy",0.72,0.6667,0.58,0.2985,66,13580,7,1
"578","1",FALSE,TRUE,"Clear to partly cloudy",0.7,0.6515,0.58,0.194,28,13581,7,1
"579","2",FALSE,TRUE,"Clear to partly cloudy",0.68,0.6364,0.61,0.2239,12,13582,7,1
"580","3",FALSE,TRUE,"Clear to partly cloudy",0.66,0.6212,0.65,0.2239,12,13583,7,1
"581","4",FALSE,TRUE,"Clear to partly cloudy",0.64,0.6061,0.65,0.2239,4,13584,7,1
"582","5",FALSE,TRUE,"Clear to partly cloudy",0.64,0.6061,0.65,0.1642,59,13585,7,1
"583","6",FALSE,TRUE,"Clear to partly cloudy",0.64,0.6061,0.65,0.194,190,13586,7,1
"584","7",FALSE,TRUE,"Clear to partly cloudy",0.66,0.6212,0.5,0.3284,507,13587,7,1
"585","8",FALSE,TRUE,"Clear to partly cloudy",0.7,0.6364,0.42,0.2537,788,13588,7,1
"586","9",FALSE,TRUE,"Clear to partly cloudy",0.72,0.6515,0.37,0.2985,342,13589,7,1
"587","10",FALSE,TRUE,"Clear to partly cloudy",0.74,0.6515,0.37,0,231,13590,7,1
"588","11",FALSE,TRUE,"Clear to partly cloudy",0.76,0.6667,0.33,0,281,13591,7,1
"589","12",FALSE,TRUE,"Clear to partly cloudy",0.76,0.6667,0.33,0,310,13592,7,1
"590","13",FALSE,TRUE,"Clear to partly cloudy",0.78,0.6818,0.31,0.1642,312,13593,7,1
"591","14",FALSE,TRUE,"Clear to partly cloudy",0.8,0.697,0.29,0.1343,247,13594,7,1
"592","15",FALSE,TRUE,"Clear to partly cloudy",0.78,0.6818,0.31,0.0896,317,13595,7,1
"593","16",FALSE,TRUE,"Clear to partly cloudy",0.8,0.697,0.29,0.1642,484,13596,7,1
"594","17",FALSE,TRUE,"Clear to partly cloudy",0.8,0.697,0.31,0,913,13597,7,1
"595","18",FALSE,TRUE,"Clear to partly cloudy",0.8,0.697,0.27,0.1343,891,13598,7,1
"596","19",FALSE,TRUE,"Clear to partly cloudy",0.76,0.6667,0.33,0.1343,698,13599,7,1
"597","20",FALSE,TRUE,"Clear to partly cloudy",0.74,0.6515,0.4,0.1642,567,13600,7,1
"598","21",FALSE,TRUE,"Clear to partly cloudy",0.72,0.6515,0.45,0.1343,397,13601,7,1
"599","22",FALSE,TRUE,"Clear to partly cloudy",0.7,0.6515,0.58,0.1343,278,13602,7,1
"600","23",FALSE,TRUE,"Clear to partly cloudy",0.68,0.6364,0.57,0.2985,239,13603,7,1
"601","0",FALSE,TRUE,"Clear to partly cloudy",0.66,0.6212,0.65,0.194,92,13604,7,1
"602","1",FALSE,TRUE,"Clear to partly cloudy",0.66,0.6212,0.65,0.2239,29,13605,7,1
"603","2",FALSE,TRUE,"Clear to partly cloudy",0.66,0.6212,0.69,0.2537,21,13606,7,1
"604","3",FALSE,TRUE,"Clear to partly cloudy",0.66,0.6212,0.69,0.2239,8,13607,7,1
"605","4",FALSE,TRUE,"Clear to partly cloudy",0.66,0.6212,0.74,0.194,4,13608,7,1
"606","5",FALSE,TRUE,"Clear to partly cloudy",0.66,0.6212,0.74,0.194,42,13609,7,1
"607","6",FALSE,TRUE,"Clear to partly cloudy",0.66,0.6061,0.78,0.2537,181,13610,7,1
"608","7",FALSE,TRUE,"Clear to partly cloudy",0.7,0.6667,0.74,0.2537,495,13611,7,1
"609","8",FALSE,TRUE,"Misty",0.7,0.6667,0.74,0.2537,729,13612,7,1
"610","9",FALSE,TRUE,"Misty",0.72,0.6818,0.7,0.1343,344,13613,7,1
"611","10",FALSE,TRUE,"Clear to partly cloudy",0.74,0.697,0.7,0.2239,222,13614,7,1
"612","11",FALSE,TRUE,"Clear to partly cloudy",0.8,0.803,0.66,0.2239,212,13615,7,1
"613","12",FALSE,TRUE,"Clear to partly cloudy",0.84,0.8182,0.56,0.2537,279,13616,7,1
"614","13",FALSE,TRUE,"Clear to partly cloudy",0.86,0.8333,0.53,0.2985,242,13617,7,1
"615","14",FALSE,TRUE,"Clear to partly cloudy",0.9,0.8788,0.47,0.2537,213,13618,7,1
"616","15",FALSE,TRUE,"Clear to partly cloudy",0.92,0.8939,0.42,0.2985,238,13619,7,1
"617","16",FALSE,TRUE,"Clear to partly cloudy",0.94,0.8788,0.38,0.3881,374,13620,7,1
"618","17",FALSE,TRUE,"Clear to partly cloudy",0.9,0.8636,0.45,0.4179,738,13621,7,1
"619","18",FALSE,TRUE,"Clear to partly cloudy",0.92,0.8788,0.4,0.3582,688,13622,7,1
"620","19",FALSE,TRUE,"Clear to partly cloudy",0.9,0.8636,0.45,0.3284,614,13623,7,1
"621","20",FALSE,TRUE,"Clear to partly cloudy",0.86,0.8182,0.5,0.2537,446,13624,7,1
"622","21",FALSE,TRUE,"Clear to partly cloudy",0.8,0.7424,0.49,0.6119,271,13625,7,1
"623","22",FALSE,TRUE,"Clear to partly cloudy",0.8,0.7424,0.49,0.6119,234,13626,7,1
"624","23",FALSE,TRUE,"Clear to partly cloudy",0.72,0.6818,0.7,0.1343,145,13627,7,1
"625","0",FALSE,TRUE,"Clear to partly cloudy",0.72,0.6818,0.7,0,97,13628,7,1
"626","1",FALSE,TRUE,"Clear to partly cloudy",0.72,0.6818,0.7,0.1045,54,13629,7,1
"627","2",FALSE,TRUE,"Clear to partly cloudy",0.7,0.6667,0.79,0.1343,26,13630,7,1
"628","3",FALSE,TRUE,"Clear to partly cloudy",0.7,0.6667,0.74,0.1642,12,13631,7,1
"629","4",FALSE,TRUE,"Clear to partly cloudy",0.7,0.6667,0.79,0,8,13632,7,1
"630","5",FALSE,TRUE,"Clear to partly cloudy",0.7,0.6667,0.84,0,37,13633,7,1
"631","6",FALSE,TRUE,"Clear to partly cloudy",0.7,0.6667,0.79,0,139,13634,7,1
"632","7",FALSE,TRUE,"Clear to partly cloudy",0.72,0.6818,0.7,0.194,410,13635,7,1
"633","8",FALSE,TRUE,"Clear to partly cloudy",0.76,0.7273,0.66,0.0896,676,13636,7,1
"634","9",FALSE,TRUE,"Clear to partly cloudy",0.82,0.7727,0.49,0.2836,363,13637,7,1
"635","10",FALSE,TRUE,"Clear to partly cloudy",0.84,0.7727,0.47,0,231,13638,7,1
"636","11",FALSE,TRUE,"Clear to partly cloudy",0.84,0.7727,0.47,0.3284,251,13639,7,1
"637","12",FALSE,TRUE,"Clear to partly cloudy",0.84,0.7879,0.49,0.3582,299,13640,7,1
"638","13",FALSE,TRUE,"Clear to partly cloudy",0.84,0.7727,0.47,0.2836,314,13641,7,1
"639","14",FALSE,TRUE,"Clear to partly cloudy",0.86,0.803,0.47,0.2985,326,13642,7,1
"640","15",FALSE,TRUE,"Clear to partly cloudy",0.86,0.7879,0.41,0.2239,323,13643,7,1
"641","16",FALSE,TRUE,"Clear to partly cloudy",0.84,0.7727,0.47,0.2239,499,13644,7,1
"642","17",FALSE,TRUE,"Clear to partly cloudy",0.86,0.7879,0.41,0.2836,699,13645,7,1
"643","18",FALSE,TRUE,"Clear to partly cloudy",0.82,0.7576,0.46,0.1642,622,13646,7,1
"644","19",FALSE,TRUE,"Clear to partly cloudy",0.82,0.7727,0.52,0.194,516,13647,7,1
"645","20",FALSE,TRUE,"Clear to partly cloudy",0.78,0.7424,0.59,0.1045,354,13648,7,1
"646","21",FALSE,TRUE,"Clear to partly cloudy",0.78,0.7424,0.59,0.1045,260,13649,7,1
"647","22",FALSE,TRUE,"Clear to partly cloudy",0.78,0.7424,0.59,0.1343,199,13650,7,1
"648","23",FALSE,TRUE,"Clear to partly cloudy",0.76,0.7273,0.66,0,189,13651,7,1
"649","0",FALSE,FALSE,"Clear to partly cloudy",0.74,0.6818,0.62,0.1343,191,13652,7,1
"650","1",FALSE,FALSE,"Clear to partly cloudy",0.72,0.6818,0.7,0.0896,80,13653,7,1
"651","2",FALSE,FALSE,"Clear to partly cloudy",0.72,0.6818,0.7,0,90,13654,7,1
"652","3",FALSE,FALSE,"Clear to partly cloudy",0.72,0.6818,0.7,0,43,13655,7,1
"653","4",FALSE,FALSE,"Clear to partly cloudy",0.7,0.6667,0.79,0.194,11,13656,7,1
"654","5",FALSE,FALSE,"Clear to partly cloudy",0.68,0.6364,0.79,0.1642,14,13657,7,1
"655","6",FALSE,FALSE,"Clear to partly cloudy",0.7,0.6515,0.7,0.1045,50,13658,7,1
"656","7",FALSE,FALSE,"Clear to partly cloudy",0.72,0.6818,0.7,0.1343,76,13659,7,1
"657","8",FALSE,FALSE,"Clear to partly cloudy",0.74,0.697,0.66,0.1642,163,13660,7,1
"658","9",FALSE,FALSE,"Clear to partly cloudy",0.78,0.7424,0.59,0.1045,337,13661,7,1
"659","10",FALSE,FALSE,"Clear to partly cloudy",0.82,0.7727,0.52,0.2239,395,13662,7,1
"660","11",FALSE,FALSE,"Clear to partly cloudy",0.84,0.7424,0.39,0.2239,457,13663,7,1
"661","12",FALSE,FALSE,"Clear to partly cloudy",0.84,0.7576,0.41,0.2239,487,13664,7,1
"662","13",FALSE,FALSE,"Clear to partly cloudy",0.86,0.7879,0.41,0.2836,498,13665,7,1
"663","14",FALSE,FALSE,"Clear to partly cloudy",0.86,0.7727,0.39,0.2537,494,13666,7,1
"664","15",FALSE,FALSE,"Clear to partly cloudy",0.88,0.7727,0.32,0.2836,497,13667,7,1
"665","16",FALSE,FALSE,"Clear to partly cloudy",0.86,0.7727,0.39,0.2239,487,13668,7,1
"666","17",FALSE,FALSE,"Clear to partly cloudy",0.82,0.7576,0.46,0.194,479,13669,7,1
"667","18",FALSE,FALSE,"Clear to partly cloudy",0.82,0.7424,0.43,0.2836,481,13670,7,1
"668","19",FALSE,FALSE,"Clear to partly cloudy",0.68,0.6364,0.83,0,338,13671,7,1
"669","20",FALSE,FALSE,"Clear to partly cloudy",0.66,0.6061,0.83,0.2239,233,13672,7,1
"670","21",FALSE,FALSE,"Clear to partly cloudy",0.66,0.6061,0.78,0.0896,300,13673,7,1
"671","22",FALSE,FALSE,"Clear to partly cloudy",0.66,0.6061,0.78,0.0896,276,13674,7,1
"672","23",FALSE,FALSE,"Clear to partly cloudy",0.66,0.6061,0.83,0.0896,208,13675,7,1
"673","0",FALSE,FALSE,"Clear to partly cloudy",0.66,0.5909,0.89,0.1343,188,13676,7,1
"674","1",FALSE,FALSE,"Clear to partly cloudy",0.66,0.6061,0.83,0.1045,158,13677,7,1
"675","2",FALSE,FALSE,"Clear to partly cloudy",0.66,0.6212,0.74,0.1343,112,13678,7,1
"676","3",FALSE,FALSE,"Clear to partly cloudy",0.66,0.6212,0.69,0.2239,55,13679,7,1
"677","4",FALSE,FALSE,"Clear to partly cloudy",0.64,0.6061,0.69,0.194,13,13680,7,1
"678","5",FALSE,FALSE,"Clear to partly cloudy",0.62,0.5909,0.78,0.194,17,13681,7,1
"679","6",FALSE,FALSE,"Clear to partly cloudy",0.64,0.6061,0.73,0.1642,18,13682,7,1
"680","7",FALSE,FALSE,"Clear to partly cloudy",0.66,0.6212,0.69,0.2537,40,13683,7,1
"681","8",FALSE,FALSE,"Clear to partly cloudy",0.7,0.6515,0.65,0.2239,127,13684,7,1
"682","9",FALSE,FALSE,"Clear to partly cloudy",0.72,0.6818,0.62,0.2537,226,13685,7,1
"683","10",FALSE,FALSE,"Clear to partly cloudy",0.74,0.6818,0.62,0,381,13686,7,1
"684","11",FALSE,FALSE,"Clear to partly cloudy",0.76,0.697,0.55,0.2239,509,13687,7,1
"685","12",FALSE,FALSE,"Clear to partly cloudy",0.76,0.697,0.55,0.3284,511,13688,7,1
"686","13",FALSE,FALSE,"Clear to partly cloudy",0.8,0.7424,0.49,0.2239,483,13689,7,1
"687","14",FALSE,FALSE,"Clear to partly cloudy",0.8,0.7273,0.46,0.194,522,13690,7,1
"688","15",FALSE,FALSE,"Clear to partly cloudy",0.8,0.7273,0.43,0.1343,501,13691,7,1
"689","16",FALSE,FALSE,"Clear to partly cloudy",0.8,0.7273,0.43,0.1343,521,13692,7,1
"690","17",FALSE,FALSE,"Clear to partly cloudy",0.82,0.7424,0.41,0.1642,531,13693,7,1
"691","18",FALSE,FALSE,"Clear to partly cloudy",0.8,0.7121,0.41,0.2985,419,13694,7,1
"692","19",FALSE,FALSE,"Clear to partly cloudy",0.76,0.697,0.55,0.1642,443,13695,7,1
"693","20",FALSE,FALSE,"Clear to partly cloudy",0.74,0.697,0.66,0.1045,303,13696,7,1
"694","21",FALSE,FALSE,"Clear to partly cloudy",0.72,0.6818,0.7,0.1343,271,13697,7,1
"695","22",FALSE,FALSE,"Clear to partly cloudy",0.7,0.6515,0.7,0.1045,148,13698,7,1
"696","23",FALSE,FALSE,"Clear to partly cloudy",0.7,0.6515,0.7,0,100,13699,7,1
"697","0",FALSE,TRUE,"Clear to partly cloudy",0.7,0.6667,0.74,0.0896,58,13700,7,1
"698","1",FALSE,TRUE,"Clear to partly cloudy",0.7,0.6667,0.74,0,19,13701,7,1
"699","2",FALSE,TRUE,"Clear to partly cloudy",0.68,0.6364,0.74,0,8,13702,7,1
"700","3",FALSE,TRUE,"Clear to partly cloudy",0.66,0.6061,0.83,0,3,13703,7,1
"701","4",FALSE,TRUE,"Clear to partly cloudy",0.66,0.6061,0.83,0,5,13704,7,1
"702","5",FALSE,TRUE,"Clear to partly cloudy",0.66,0.6061,0.83,0.1045,47,13705,7,1
"703","6",FALSE,TRUE,"Clear to partly cloudy",0.66,0.6061,0.83,0.1642,161,13706,7,1
"704","7",FALSE,TRUE,"Clear to partly cloudy",0.7,0.6667,0.79,0.0896,469,13707,7,1
"705","8",FALSE,TRUE,"Misty",0.72,0.697,0.74,0.1045,751,13708,7,1
"706","9",FALSE,TRUE,"Misty",0.74,0.697,0.7,0,293,13709,7,1
"707","10",FALSE,TRUE,"Misty",0.74,0.697,0.66,0.2239,189,13710,7,1
"708","11",FALSE,TRUE,"Misty",0.78,0.7273,0.55,0.1343,215,13711,7,1
"709","12",FALSE,TRUE,"Misty",0.76,0.7121,0.58,0.1045,278,13712,7,1
"710","13",FALSE,TRUE,"Clear to partly cloudy",0.8,0.7424,0.49,0.1642,226,13713,7,1
"711","14",FALSE,TRUE,"Clear to partly cloudy",0.8,0.7424,0.49,0.2239,254,13714,7,1
"712","15",FALSE,TRUE,"Clear to partly cloudy",0.8,0.7424,0.49,0.2537,236,13715,7,1
"713","16",FALSE,TRUE,"Clear to partly cloudy",0.8,0.7424,0.49,0.2836,425,13716,7,1
"714","17",FALSE,TRUE,"Clear to partly cloudy",0.76,0.697,0.55,0.3284,827,13717,7,1
"715","18",FALSE,TRUE,"Clear to partly cloudy",0.76,0.7121,0.58,0.4179,812,13718,7,1
"716","19",FALSE,TRUE,"Clear to partly cloudy",0.82,0.7727,0.52,0.1642,665,13719,7,1
"717","20",FALSE,TRUE,"Clear to partly cloudy",0.72,0.6818,0.7,0.2239,462,13720,7,1
"718","21",FALSE,TRUE,"Clear to partly cloudy",0.72,0.6818,0.7,0.194,322,13721,7,1
"719","22",FALSE,TRUE,"Misty",0.7,0.6667,0.74,0.2239,230,13722,7,1
"720","23",FALSE,TRUE,"Clear to partly cloudy",0.7,0.6667,0.74,0.194,150,13723,7,1
"721","0",FALSE,TRUE,"Clear to partly cloudy",0.68,0.6364,0.79,0.1343,38,13724,7,1
"722","1",FALSE,TRUE,"Clear to partly cloudy",0.66,0.6061,0.83,0.1343,21,13725,7,1
"723","2",FALSE,TRUE,"Clear to partly cloudy",0.66,0.6061,0.83,0.1343,8,13726,7,1
"724","3",FALSE,TRUE,"Clear to partly cloudy",0.66,0.6061,0.83,0.0896,6,13727,7,1
"725","4",FALSE,TRUE,"Clear to partly cloudy",0.66,0.6061,0.83,0.0896,6,13728,7,1
"726","5",FALSE,TRUE,"Clear to partly cloudy",0.66,0.6061,0.83,0.1642,45,13729,7,1
"727","6",FALSE,TRUE,"Clear to partly cloudy",0.64,0.5758,0.89,0.1642,194,13730,7,1
"728","7",FALSE,TRUE,"Clear to partly cloudy",0.68,0.6364,0.83,0.2239,513,13731,7,1
"729","8",FALSE,TRUE,"Clear to partly cloudy",0.7,0.6667,0.79,0.1343,760,13732,7,1
"730","9",FALSE,TRUE,"Clear to partly cloudy",0.72,0.6818,0.7,0.1045,333,13733,7,1
"731","10",FALSE,TRUE,"Clear to partly cloudy",0.72,0.6818,0.66,0,227,13734,7,1
"732","11",FALSE,TRUE,"Clear to partly cloudy",0.76,0.7121,0.58,0,224,13735,7,1
"733","12",FALSE,TRUE,"Clear to partly cloudy",0.8,0.7273,0.46,0,248,13736,7,1
"734","13",FALSE,TRUE,"Clear to partly cloudy",0.8,0.7576,0.55,0.2836,288,13737,7,1
"735","14",FALSE,TRUE,"Clear to partly cloudy",0.8,0.7576,0.55,0.2836,260,13738,7,1
"736","15",FALSE,TRUE,"Clear to partly cloudy",0.76,0.7121,0.62,0.1343,144,13739,7,1
"737","16",FALSE,TRUE,"Clear to partly cloudy",0.76,0.7121,0.58,0.2239,402,13740,7,1
"738","17",FALSE,TRUE,"Clear to partly cloudy",0.78,0.7121,0.52,0.2239,820,13741,7,1
"739","18",FALSE,TRUE,"Clear to partly cloudy",0.76,0.697,0.55,0.2836,857,13742,7,1
"740","19",FALSE,TRUE,"Light Precipitation",0.74,0.6818,0.62,0.3582,614,13743,7,1
"741","20",FALSE,TRUE,"Light Precipitation",0.7,0.6515,0.7,0.194,452,13744,7,1
"742","21",FALSE,TRUE,"Clear to partly cloudy",0.68,0.6364,0.79,0.194,352,13745,7,1
"743","22",FALSE,TRUE,"Clear to partly cloudy",0.68,0.6364,0.74,0.2537,257,13746,7,1
"744","23",FALSE,TRUE,"Misty",0.66,0.6061,0.83,0.1642,147,13747,7,1
